#,Algorithm,Score,FPPI,AFDR
0,result_metrics_min_track_len_0,0.7500026226043701,0.00043650966868916146,0.3905465989727146
